﻿{
  "Routes": [
    {
      "DownstreamPathTemplate": "/api/{everything}",
      "DownstreamScheme": "http",
      "DownstreamHostAndPorts": [
        {
          "Host": "localhost",
          "Port": 5001
        }
      ],
      "UpstreamPathTemplate": "/api/{everything}",
      "UpstreamHttpMethod": [ "GET", "POST", "PUT", "DELETE" ],
      "AuthenticationOptions": {
        "AuthenticationProviderKey": "Bearer"
      }
    }
  ],
  "GlobalConfiguration": {
    "BaseUrl": "http://localhost:5000"
  }
}